trial,dataset,status,instances,batch_per_instance,completed_observations,samples_per_second,mean_request_ms,p95_request_ms,peak_allocated_gib,kv_pool_tokens,invalid_actions,graph_fallbacks,capacity_growths
r2r-b1,R2R,complete,2,1,2997,26.771141589885655,70.58774012312313,86.40762999999998,13.336742401123047,128000,0,0,0
r2r-b2,R2R,complete,2,2,2997,33.15264303645725,113.44136251217886,140.28805799999998,14.03066110610962,128000,0,0,0
r2r-b4,R2R,complete,2,4,2997,37.96884374985339,197.65487050483816,230.248726,15.203639030456543,128000,0,0,0
r2r-b8,R2R,incomplete,2,8,768,,,,21.418147087097168,256000,0,0,0
r2r-b8-pool128k,R2R,complete,2,8,2997,35.98893602104409,364.1294158468469,432.46199,17.870272636413574,128000,0,0,0
rxr-b1,RxR,complete,2,1,3879,14.660592196256077,114.80941139932973,204.46624879999996,15.418095588684082,128000,1,0,0
rxr-b2,RxR,complete,2,2,3879,15.812153944183812,213.51119235318382,340.3684307,17.034374237060547,128000,0,0,0
rxr-b4,RxR,incomplete,2,4,3148,,,,20.593590259552002,153600,0,0,0
rxr-b4-pool147456,RxR,complete,2,4,3879,15.443223092387747,411.13129205671567,660.582018,21.251073360443115,147456,0,0,0
rxr-b8,RxR,incomplete,2,8,0,,,,21.007086753845215,196608,0,0,0
single-r2r-b1,R2R,complete,1,1,2997,13.11553537020644,70.58550154220887,86.2483658,13.336742401123047,128000,0,0,0
single-rxr-b1,RxR,complete,1,1,3879,8.264578868756818,114.52648844212425,204.10094939999996,15.412092208862305,128000,1,0,0
